Factions of Twilight Imperium - Fourth Edition			rev
			
	Arborec		
	Home System	Nestphar: 3/2	
	Faction Abilities	Mitosis: Your space docks cannot produce infantry. At the start of the status phase, place 1 infantry from your reinforcements on any planet you control.	
	Commodities	3	
	Promissory Note	Stymie Ω: After another player moves ships into a system that contains 1 or more of your units: You may place 1 command token from that player's reinforcements in any non-home system. Then, return this card to the Arborec player.	Codex 1
	Starting Fleet	1 Carrier 1 Cruiser 2 Fighters 4 Infantry 1 Space Dock 1 PDS	
	Starting Technologies	Magen Defense Grid (R)	
	Special Units	Letani Warrior I: Arborec Infantry Cost: 1 (x2) Combat: 8 PRODUCTION 1	
	Faction Technologies	Letani Warrior II (GG): Arborec Infantry Cost: 1 (x2) Combat: 7 PRODUCTION 2 After this unit is destroyed, roll 1 die. If the result is 6 or greater, place the unit on this card. At the start of your next turn, place each unit that is on this card on a planet you control in your home system.  Bioplasmosis (GG): At the end of the status phase, you may remove any number of infantry from planets you control and place them on 1 or more planets you control in the same or adjacent systems.	
	Breaktrough	Psychospore: R<>G ACTION: Exhaust this card to remove a command token from a system that contains 1 or more of your infantry and return it to your reinforcements. Then, place 1 infantry in that system.	TE
	Flagship	Duha Menaimon: Cost: 8 Combat: 7 (x2) Move: 1 Capacity: 5 Sustain Damage After you activate this system, you may produce up to 5 units in this system.	
	Mech	Letani Behemoth: Cost: 2 Combat: 6 Sustain Damage PRODUCTION: 2 Planetary Shield DEPLOY: When you would use your Mitosis faction ability, you may replace 1 of your infantry with 1 mech from your reinforcements instead.	
	Agent	Letani Ospha: ACTION: Exhaust this card and choose a player's non-fighter ship; that player may replace that ship with one from their reinforcements that costs up to 2 more than the replaced ship.	
	Commander	Dirzuga Rophal: Unlock: Have 12 ground forces on planets you control. After another player activates a system that contains 1 or more of your units that have PRODUCTION You may produce 1 unit in that system.	
	Hero	Letani Miasmiala: Unlock: Have 3 scored objectives. Ultrasonic Emitter: Overgrowth ACTION: Produce any number of units in any number of systems that contain 1 or more of your ground forces. Then, purge this card."	
			
	Argent Flight		POK
	Home System	Ylir: 0/2 Valk: 2/0 Avar: 1/1	
	Faction Abilities	Zeal: You always vote first during the agenda phase. When you cast at least 1 vote, cast 1 additional vote for each player in the game, including you.  Raid Formation: When 1 or more of your units use ANTI-FIGHTER BARRAGE, for each hit produced in excess of your opponent's fighters, choose 1 of your opponent's ships that has Sustain Damage to become damaged."	
	Commodities	3	
	Promissory Note	Strike Wing Ambuscade: When 1 or more of your units make a roll for a unit ability: Choose 1 of those units to roll 1 additional die. Then, return this card to the Argent player.	
	Starting Fleet	1 Carrier 2 Destroyers 2 Fighters 5 Infantry 1 Space Dock 1 PDS	
	Starting Technologies	Choose two of the following: Neural Motivator (0) Sarween Tools (0) Plasma Scoring (0)	
	Special Units	Strike Wing Alpha I: Argent Destroyer Cost: 1 Combat: 8 Move: 2 Capacity: 1 ANTI-FIGHTER BARRAGE 9 (x2)	
	Faction Technologies	Strike Wing Alpha II (RR): Argent Destroyer Cost: 1 Combat: 7 Move: 2 Capacity: 1 ANTI-FIGHTER BARRAGE 6 (x3) When this unit uses ANTI-FIGHTER BARRAGE, each result of 9 or 10 also destroys 1 of your opponent's infantry in the space area of the active system.  Aerie Hololattice (Y): Other players cannot move ships through systems that contain your structures. Each planet that contains 1 or more of your structures gains the PRODUCTION: 1 ability as if it were a unit.	
	Breakthrough	Wing Transfer: B<>Y When you activate a system that contains only your units, you may place command tokens from your reinforcements into any systems adjacent to that system that contain only your units; at the end of this action, you may move ships among the active system and systems adjacent to it that contain your command tokens.	TE
	Flagship	Quetzecoatl: Cost: 8 Combat: 7 (x2) Move: 1 Capacity: 3 Sustain Damage Other players cannot use SPACE CANNON against your ships in this system.	
	Mech	Aerie Sentinel: Cost: 2 Combat: 6 Sustain Damage This unit does not count against capacity if it is being transported or if it is in a space area with 1 or more of your ships that have capacity values.	
	Agent	Trilossa Aun Mirik: When a player produces ground forces in a system: You may exhaust this card; that player may place those units on any planets they control in that system and any adjacent systems.	
	Commander	Trrakan Aun Zulok: Unlock: Have 6 units that have ANTI-FIGHTER BARRAGE, SPACE CANNON, or BOMBARDMENT on the game board. When 1 or more of your units make a roll for a unit ability: You may choose 1 of those units to roll 1 additional die.	
	Hero	Mirik Aun Sissiri: Unlock: Have 3 scored objectives. Helix Protocol: ACTION: Move any number of your ships from any systems to any number of other systems that contain 1 of your command tokens and no other players' ships. Then, purge this card.	
			
	Barony of Letnev		
	Home System	Arc Prime: 4/0 Wren Terra: 2/1	
	Faction Abilities	Munitions Reserves: At the start of each round of space combat, you may spend 2 trade goods; you may reroll any number of your dice during that combat round.  Armada: The maximum number of non-fighter ships you can have in each system is equal to 2 more than the number of tokens in your fleet pool.	
	Commodities	2	
	Promissory Note	War Funding Ω: After you and your opponent roll dice during space combat: You may reroll all of your opponent's dice. You may reroll any number of your dice. Then, return this card to the Letnev player.	Codex 1
	Starting Fleet	1 Dreadnought 1 Carrier 1 Destroyer 1 Fighter 3 Infantry 1 Space Dock	
	Starting Technologies	Antimass Deflectors (0) Plasma Scoring (0)	
	Special Units		
	Faction Technologies	Non-Euclidean Shielding (RR): When one of your units uses Sustain Damage, cancel 2 hits instead of 1.  L4 Disruptors (Y): During an invasion, units cannot use SPACE CANNON against your units.	
	Breakthrough	Gravleash Maneuvers:  B<>R Before you roll dice during space combat, apply +X to the results of 1 of your ship's rolls, where X is the number of ship types you have in the combat. During movement, your non-fighter ships' move values are equal to the highest move value amongst moving ships in the system they started in.	TE
	Flagship	Arc Secundus: Cost: 8 Combat: 5 (x2) Move: 1 Capacity: 3 Sustain Damage BOMBARDMENT 5 (x3) Other players' units in this system lose Planetary Shield. At the start of each space combat round, repair this ship.	
	Mech	Dunlain Reaper: Cost: 2 Combat: 6 Sustain Damage DEPLOY: At the start of a round of ground combat, you may spend 2 resources to replace 1 of your infantry in that combat with 1 mech.	
	Agent 	Viscount Unlenn: At the start of a space combat round: You may exhaust this card to choose 1 ship in the active system; that ship rolls 1 additional die during this combat round.	
	Commander	Rear Admiral Farran: Unlock: Have 5 non-fighter ships in 1 system. After 1 of your units uses Sustain Damage: You may gain 1 trade good.	
	Hero	Darktalon Treilla: Unlock: Have 3 scored objectives. Dark Matter Affinity: ACTION: Place this card near the game board; the number of non-fighter ships you can have in systems is not limited by laws or by the number of command tokens in your fleet pool during this game round. At the end of that game round, purge this card. 	
			
	Clan of Saar		
	Home System	Lisis II: 1/0 Ragh: 2/1	
	Faction Abilities	Scavenge: After you gain control of a planet, gain 1 trade good.  Nomadic: You can score objectives even if you do not control the planets in your home system.	
	Commodities	3	
	Promissory Note	Ragh's Call: After you commit 1 or more units to land on a planet: Remove all of the Saar player's ground forces from that planet and place them on a planet controlled by the Saar player. Then, return this card to the Saar player.	
	Starting Fleet	2 Carriers 1 Cruiser 2 Fighters 4 Infantry 1 Space Dock	
	Starting Technologies	Antimass Deflectors (0)	
	Special Units	Floating Factory I:  Saar Space Dock Move: 1 Capacity: 4 PRODUCTION 5 This unit is placed in a space area instead of on a planet. This unit can move and retreat as if it were a ship. If this unit is blockaded, it is destroyed.	
	Faction Technologies	Chaos Mapping (B): Other players cannot activate asteroid fields that contain 1 or more of your ships. At the start of your turn during the action phase, you may produce 1 unit in a system that contains at least 1 of your units that has PRODUCTION.  Floating Factory II (YY): Saar Space Dock Move: 2 Capacity: 5 PRODUCTION 7 This unit is placed in a space area instead of on a planet. This unit can move and retreat as if it were a ship. If this unit is blockaded, it is destroyed.	
	Breakthrough	Deorbit Barrage: B<>R ACTION: Exhaust this card and spend any amount of resources to choose a planet up to 2 systems away from an asteroid field that contains your ships; roll a number of dice equal to the amount spent and assign 1 hit to a ground force on that planet for each roll of 4 or greater.	TE
	Flagship	Son of Ragh: Cost: 8 Combat: 5 (x2) Move: 1 Capacity: 3 Sustain Damage ANTI-FIGHTER BARRAGE 6 (x4)	
	Mech	Scavenger Zeta: Cost: 2 Combat: 6 Sustain Damage DEPLOY: After you gain control of a planet, you may spend 1 trade good to place 1 mech on that planet.	
	Agent	Captain Mendosa: After a player activates a system: You may exhaust this card to increase the move value of 1 of that player's ships to match the move value of the ship on the game board that has the highest move value.	
	Commander	Rowl Sarring: Unlock: Have 3 space docks on the game board. When you produce fighters or infantry: You may place each of those units at any of your space docks that are not blockaded.	
	Hero	Gurno Aggero: Unlock: Have 3 scored objectives. Armageddon Relay: ACTION: Choose 1 system that is adjacent to 1 of your space docks. Destroy all other players' infantry and fighters in that system. Then, purge this card.	
			
	Council Keleres		Codex 3
	Home System	Argent Flight: Avar: 1/1 Valk: 2/0 Ylir: 0/2 Mentak Coalition: Mol Primus: 4/1 Xxcha Kingdom: Archon Ren: 2/3 Archon Tau: 1/1 Keleres - Legendary Custodia Vigilia: 2/3 While you control Mecatol Rex, it gains SPACE CANNON 5 and PRODUCTION 3. Gain 2 command tokens when another player scores VP using Imperial.	
	Faction Abilities	The Tribunii: During setup, choose an unplayed faction from among the Mentak, the Xxcha, and the Argent Flight; take that faction's home system, command tokens, and control markers. Additionally, take the Keleres hero that corresponds to that faction. Council Patronage: Replenish your commodities at the start of the strategy phase, then gain 1 trade good. Law's Order: You may spend 1 Trade Good or Commodity to treat all laws as blank until the end of the turn.	
	Commodities	2	
	Promissory Note	Keleres Rider: After an agenda is revealed: You cannot vote on this agenda. Predict aloud an outcome of this agenda. If your prediction is correct, draw 1 action card and gain 2 trade goods. Then, return this card to the Keleres player. 	
	Starting Fleet	2 Carriers 1 Cruiser 2 Fighters 2 Infantry 1 Space Dock	
	Starting Technologies	Choose 2 non-faction technologies owned by other players	
	Special Units		
	Faction Technologies	Executive Order (Y): ACTION: Exhaust this card and draw the top or bottom card of the agenda deck. Players immediately vote on this agenda as if you were the speaker; you can spend trade goods and resources on this agenda as if they were votes.  Agency Supply Network (YY): Once per action, when you resolve a unit's PRODUCTION ability, you may resolve another of your unit's PRODUCTION abilities in any system. 	TE
	Breakthrough	I.I.H.Q. Modernization: Y<>G When you gain this card, gain the Custodia Vigilia planet card and its legendary planet ability card. You are neighbours with all players that have units or control planets in or adjacent to the Mecatol Rex system.	TE
	Flagship	Artemiris: Cost: 8 Combat: 7 (x2) Move: 1 Capacity: 3 Sustain Damage Other players must spend 2 influence to activate the system that contains this ship	
	Mech	Omiopiares: Cost: 2 Combat: 6 Sustain Damage Other players must spend 1 influence to commit ground forces to the planet that contains this unit	
	Agent	Xander Alexin Victori III: At any time: You may exhaust this card to allow any player to spend commodities as if they were trade goods.	
	Commander	Suffi An: Unlock: Spend 1 trade good after you play an action card that has a component action After you perform a component action: You may perform an additional action.	
	Hero	Argent Flight - Overwing Zeta: Unlock: Have 3 scored objectives. Artemiris Ascendant: At the start of a round of space combat in a system that contains a planet you control: Place your flagship and up to a total of 2 cruisers and/or destroyers from your reinforcements in the active system. Then, purge this card.  Mentak Coalition - Harka Leeds: Unlock: Have 3 scored objectives. Erwan's Covenant: ACTION: Reveal cards from the action deck until you reveal 3 action cards that have component actions. Draw those cards and shuffle the rest back into the action card deck. Then, purge this card.  Xxcha Kingdom - Odlynn Myrr: Unlock: Have 3 scored objectives. Operation Archon: After an agenda is revealed: You may cast up to 6 additional votes on this agenda. Predict aloud an outcome of this agenda. For each player that votes for another outcome, gain 1 trade good and 1 command token. Then, purge this card.	
			
	Embers of Muaat		
	Home System	Muaat: 4/1	
	Faction Abilities	Star Forge: ACTION: Spend 1 token from your strategy pool to place either 2 fighters or 1 destroyer from your reinforcements in a system that contains 1 or more of your war suns. Gashlai Physiology: Your ships can move through supernovas.	
	Commodities	4	
	Promissory Note	Fires of the Gashlai: ACTION: Remove 1 token from the Muaat player's fleet pool and return it to his reinforcements. Then, gain your war sun unit upgrade technology card.  Then, return this card to the Muaat Player.	
	Starting Fleet	1 War Sun 2 Fighters 4 Infantry 1 Space Dock	
	Starting Technologies	Plasma Scoring (0)	
	Special Units	Prototype War Sun I: Muaat War Sun Cost: 12 Combat: 3 (x3) Move: 1 Capacity: 6 BOMBARDMENT 3 (x3) Sustain Damage Other players units in this system lose the Planetary Shield ability.	
	Faction Technologies	Prototype War Sun II (RRRY): Muaat War Sun Cost: 10 Combat: 3 (x3) Move: 3 Capacity: 6 BOMBARDMENT 3 (x3) Sustain Damage Other players units in this system lose the Planetary Shield ability.  Magmus Reactor Ω (RR): Your ships can move into supernovas. Each supernova that contains 1 or more of your units gains the PRODUCTION 5 ability as if it were 1 of your units."	Codex 1
	Breakthrough	Stellar Genesis: R<>Y When you gain this card, place the Avernus planet token into a non-home system that is adjacent to a planet you control; gain control of and ready it. After you move 1 of your war suns out of or through Avernus's system and into a non-home system, you may move the Avernus token with it. Avernus planet is 2/0 Legendary planet ability: The Nucleus ACTION: Exhaust this card to use the Embers of Muaat's STAR FORGE faction ability without spending a command token.	TE
	Flagship	The Inferno: Cost: 8 Combat: 5 (x2) Move: 1 Capacity: 3 Sustain Damage ACTION: Spend 1 token from your strategy pool to place 1 cruiser in this unit's system.	
	Mech	Ember Colossus: Cost: 2 Combat: 6 Sustain Damage When you use your Star Forge faction ability in this system or an adjacent system, you may place 1 infantry from your reinforcements with this unit.	
	Agent	Umbat: ACTION: Exhaust this card to choose a player; that player may produce up to 2 units that each have a cost of 4 or less in a system that contains one of their war suns or their flagship.	
	Commander	Magmus: Unlock: Produce a war sun. After you spend a token from your strategy pool: You may gain 1 trade good."	
	Hero	Adjudicator Ba'al: Unlock: Have 3 scored objectives. Nova Seed: After you move a war sun into a non-home system other than Mecatol Rex: You may destroy all other players' units in that system and replace that system tile with the Muaat supernova tile. If you do, purge this card and each planet card that corresponds to the replaced system tile."	
			
	Emirates of Hacan		
	Home System	Hercant: 1/1 Arretze: 2/0 Kamdorn: 0/1	
	Faction Abilities	Masters of Trade: You do not have to spend a command token to resolve the secondary ability of the "Trade" strategy card. Guild Ships: You can negotiate transactions with players who are not your neighbor. Arbiters: When you are negotiating a transaction, action cards can be exchanged as part of that transaction.	
	Commodities	6	
	Promissory Note	Trade Convoys ACTION: Place this card faceup in your play area. While this card is in your play area, you may negotiate transactions with players who are not your neighbor.  If you activate a system that contains 1 or more of the Hacan player's units, return this card to the Hacan player.	
	Starting Fleet	2 Carriers 1 Cruiser 2 Fighters 4 Infantry 1 Space Dock	
	Starting Technologies	Antimass Deflectors (0) Sarween Tools (0)	
	Special Units		
	Faction Technologies	Quantum Datahub Node (YYY): At the end of the strategy phase, you may spend 1 token from your strategy pool and give another player 3 of your trade goods. If you do, give 1 of your strategy cards to that player and take 1 of his strategy cards.  PRODUCTION Biomes (GG): ACTION: Exhaust this card and spend 1 token from your strategy pool to gain 4 trade goods and choose 1 other player; that player gains 2 trade goods.	
	Breakthrough	Auto-Factories: R<>Y When you produce 3 or more non-fighter ships, place 1 command token from your reinforcements into your fleet pool.	TE
	Flagship	Wrath of Kenara: Cost: 8 Combat: 7 (x2) Move: 1 Capacity: 3 Sustain Damage After you roll a die during a space combat in this system, you may spend 1 trade good to apply +1 to the result.	
	Mech	Pride of Kenara: Cost: 2 Combat: 6 Sustain Damage This planet's planet card may be traded as part of a transaction; if you do, move all of your units from this planet to another planet you control.	
	Agent	Carth of the Golden Sands: During the action phase: You may exhaust this card to gain 2 commodities or replenish another player's commodities.	
	Commander	Gila the Silvertongue: Unlock: Have 10 trade goods. When you cast votes: You may spend any number of trade goods; cast 2 additional votes for each trade good spent.	
	Hero	Harrugh Gefhara: Unlock: Have 3 scored objectives. Galactic Securities Net: When 1 or more of your units use PRODUCTION: You may reduce the cost of each of your units to 0 during this use of PRODUCTION. If you do, purge this card."	
			
	Empyrean		POK
	Home System	The Dark: 3/4 (Nebula)	
	Faction Abilities	Voidborn: Nebulae do not affect your ships' movement.  Aetherpassage: After a player activates a system, you may allow that player to move their ships through system that contain your ships."  Dark Whispers: During setup, take the additional Empyrean faction promissory note; you have 2 faction promissory notes.	
	Commodities	4	
	Promissory Note	Blood Pact: ACTION: Place this card faceup in your play area. When you and the Empyrean player cast votes for the same outcome, cast 4 additional votes for that outcome. If you activate a system that contains 1 or more of the Empyrean player's units, return this card to the Empyrean player. Dark Pact: ACTION: Place this card faceup in your play area. When you give a number of commodities to the Empyrean player equal to your maximum commodity value, you each gain 1 trade good. If you activate a system that contains 1 or more of the Empyrean player's units, return this card to the Empyrean player.	
	Starting Fleet	2 Carriers 1 Destroyer 2 Fighters 4 Infantry 1 Space Dock	
	Starting Technologies	Dark Energy Tap (0)	
	Special Units		
	Faction Technologies	Aetherstream (BB): After you or one of your neighbors activates a system that is adjacent to an anomaly, you may apply +1 to move value of all of that player's ships during this tactical action. Voidwatch (G): After a player moves ships into a system that contains 1 or more of your units, they must give you 1 promissory note from their hand, if able.	
	Breakthrough	Void Tether: B<>G When you activate a system that contains or is adjacent to a unit or planet you control, you may place or move 1 of your void tether tokens onto a border that system shares with another system; other players do not treat those systems as adjacent to each other unless you allow it.	TE
	Flagship	Dynamo: Cost: 8 Combat: 5 (x2) Move: 1 Capacity: 3 Sustain Damage After any player's unit in this system or an adjacent system uses Sustain Damage, you may spend 2 influence to repair that unit.	
	Mech	Watcher: Cost: 2 Combat: 6 Sustain Damage You may remove this unit from a system that contains or is adjacent to another player's units to cancel an action card played by that player.	
	Agent	Acamar: After a player moves ships into a system that does not contain any planets: You may exhaust this card; that player gains 1 command token.	
	Commander	Xuange: Unlock: Be neighbors with all other players. After another player moves ships into a system that contains 1 of your command tokens: You may return that token to your reinforcements."	
	Hero	Conservator Procyon: Unlock: Have 3 scored objectives. Multiverse Shift: ACTION: Place 1 frontier token in each system that does not contain any planets and does not already have a frontier token. Then, explore each frontier token that is in a system that contains 1 or more of your ships.Then, purge this card.	
			
	Federation of Sol		
	Home System	Jord: 4/2	
	Faction Abilities	Critical Drop: ACTION: Spend 1 token from your strategy pool to place 2 infantry from your reinforcements on 1 planet you control. Versatile: When you gain command tokens during the status phase, gain 1 additional command token.	
	Commodities	4	
	Promissory Note	Military Support: At the start of the Sol player's turn: Remove 1 token from the Sol player's strategy pool, if able, and return it to his reinforcements. Then, you may place 2 infantry from your reinforcements on any planet you control. Then, return this card to the Sol player.	
	Starting Fleet	2 Carriers 1 Destroyer 3 Fighters 5 Infantry 1 Space Dock	
	Starting Technologies	Neural Motivator (0) Antimass Deflector (0)	
	Special Units	Advanced Carrier I: Sol Carrier Cost: 3 Combat: 9 Move: 1 Capacity: 6  Spec Ops I: Sol Infantry Cost: 1 (x2) Combat: 7	
	Faction Technologies	Advanced Carrier II (BB): Sol Carrier Cost: 3 Combat: 9 Move: 2 Capacity: 8 Sustain Damage  Spec Ops II (GG): Sol Infantry Cost: 1 (x2) Combat: 6 After this unit is destroyed, roll 1 die. If the result is 5 or greater, place the unit on this card. At the start of your next turn, place each unit that is on this card on a planet you control in your home system.	
	Breakthrough	Bellum Gloriosum: Y<>G When you produce a ship that has capacity, you may also produce any combination of ground forces or fighters up to that ship's capacity; they do not count against your PRODUCTION limit.	TE
	Flagship	Genesis: Cost: 8 Combat: 5 (x2) Move: 1 Capacity: 12 Sustain Damage At the end of the status phase, place 1 infantry from your reinforcements in this system's space area.	
	Mech	ZS Thunderbolt M2: Cost: 2 Combat: 6 Sustain Damage DEPLOY: After you use your Orbital Drop faction ability, you may spend 3 resources to place 1 mech on that planet.	
	Agent	Evelyn DeLouis: At the start of a ground combat round: You may exhaust this card to choose 1 ground force in the active system; that ground force rolls 1 additional die during this combat round.	
	Commander	Claire Gibson: Unlock: Control planets that have a combined total of at least 12 resources. At the start of a ground combat on a planet you control: You may place 1 infantry from your reinforcements on that planet."	
	Hero	Jace X, 4th Air Legion: Unlock: Have 3 scored objectives. Helio Command Array: ACTION: Remove each of your command tokens from the game board and return them to your reinforcements. Then, purge this card.	
			
	Ghosts of Creuss		
	Home System	Creuss: 4/2 Delta Wormhole	
	Faction Abilities	Quantum Entanglement: You treat all systems that contain either an alpha or a beta wormhole as adjacent to each other. Game effects cannot prevent you from using this ability. Slipstream: During your tactical actions, apply +1 to the move value of each of your ships that starts its movement in your home system or in a system that contains either an alpha or beta wormhole. Creuss Gate: When you create the game board, place the Creuss Gate (tile 17) where your home system would normally be placed. The Creuss Gate system is not a home system. Then place your home system (tile 51) in your play area.	
	Commodities	4	
	Promissory Note	Creuss Iff: At the start of your turn during the action phase: Place or move a Creuss wormhole token into either a system that contains a planet you control or a non-home system that does not contain another player's ships. Then, return this card to the Creuss player.	
	Starting Fleet	1 Carrier 2 Destroyers 2 Fighters 4 Infantry 1 Space Dock	
	Starting Technologies	Gravity Drive (B)	
	Special Units		
	Faction Technologies	Wormhole Generator Ω (BB): ACTION: Exhaust this card to place or move a Creuss wormhole token into either a system that contains a planet you control or a non-home system that does not contain another player's ships.  Dimensional Splicer (R): At the start of a space combat in a system that contains a wormhole and 1 or more of your ships, you may produce 1 hit and assign it to 1 of your opponent's ships.	Codex 1
	Breakthrough	Particle Synthesis: B<>Y Each wormhole in a system that contains your ships gains PRODUCTION 1 as if it were a unit you control. Reduce the combined cost of units you produce in systems that contain wormholes by 1 for each wormhole in that system.	
	Flagship	Hil Colish: Cost: 8 Combat: 5 Move: 1 Capacity: 3 Sustain Damage This ship's system contains a delta wormhole. During movement, this ship may move before or after your other ships.	
	Mech	Icarus Drive: Cost: 2 Combat: 6 Sustain Damage After any player activates a system, you may remove this unit from the game board to place or move a Creuss wormhole token into this system.	
	Agent	Emissary Taivra: After a player activates a system that contains a non-delta wormhole: You may exhaust this card; if you do, that system is adjacent to all other systems that contain a wormhole during this tactical action.	
	Commander	Sai Seravus: Unlock: Have units in 3 systems that contain alpha or beta wormholes. After your ships move: For each ship that has a capacity value and moved through 1 or more wormholes, you may place 1 fighter from your reinforcements with that ship if you have unused capacity in the active system.	
	Hero	Riftwalker Meian: Unlock: Have 3 scored objectives. Singularity Reactor: Changing the Ways ACTION: Swap the positions of any 2 systems that contain wormholes or your units, other than the Creuss system and the wormhole nexus. Then, purge this card.	
			
	L1Z1X Mindnet		
	Home System	[0.0.0]: 5/0	
	Faction Abilities	Assimilate: When you gain control of a planet, replace each PDS and space dock that is on that planet with a matching unit from your reinforcements. Harrow: After each round of ground combat, your ships in the active system may use their BOMBARDMENT abilities against your opponent's ground forces on the planet.	
	Commodities	2	
	Promissory Note	Cybernetic Enhancements Ω: When you gain command tokens during the status phase: Gain 1 additional command token. Then, return this card to the L1Z1X player.	Codex 1
	Starting Fleet	1 Dreadnought 1 Carrier 3 Fighters 5 Infantry 1 Space Dock 1 PDS	
	Starting Technologies	Neural Motivator (0) Plasma Scoring (0)	
	Special Units	Super Dreadnought I: L1Z1X Dreadnought Cost: 4 Combat: 5 Move: 1 Capacity: 2 BOMBARDMENT 5 Sustain Damage	
	Faction Technologies	Super Dreadnought II (BBY): L1Z1X Dreadnought Cost: 4 Combat: 4 Move: 2 Capacity: 2 BOMBARDMENT 4 Sustain Damage This unit cannot be destroyed by "Direct Hit" action cards.  Inheritance Systems (YY): You may exhaust this card and spend 2 resources when you research a technology; ignore all of that technology's prerequisites.	
	Breakthrough	Fealty Uplink: R<>G When you gain control of a planet, place infantry from your reinforcements equal to that planet's influence value on that planet	TE
	Flagship	[0.0.1]: Cost: 8 Combat: 5 (x2) Move: 1 Capacity: 5 Sustain Damage During a space combat, hits produced by this ship and by your dreadnoughts in this system must be assigned to non-fighter ships if able.	
	Mech	Annihilator: Cost: 2 Combat: 6 Sustain Damage BOMBARDMENT 8 While not participating in ground combat, this unit can use its BOMBARDMENT ability on planets in its system as if it were a ship.	
	Agent	I48S: After a player activates a system: You may exhaust this card to allow that player to replace 1 of their infantry in the active system with 1 mech from their reinforcements.	
	Commander	2RAM: Unlock: Have 4 dreadnoughts on the game board. Units that have Planetary Shield do not prevent you from using BOMBARDMENT.	
	Hero	The Helmsman: Unlock: Have 3 scored objectives. Dark Space Navigation: ACTION: Choose 1 system that does not contain other players' ships; you may move your flagship and any number of your dreadnoughts from other systems into the chosen system. Then, purge this card.	
			
	Mahact Gene-Sorcerers		POK
	Home System	Ixth: 3/5	
	Faction Abilities	Edict: When you win a combat, place 1 command token from your opponent's reinforcements in your fleet pool if it does not already contain 1 of that player's tokens; other players' tokens in your fleet pool increase your fleet limit but cannot be redistributed." Imperia: While another player's command token is in your fleet pool, you can use the ability of that player's commander, if it's unlocked. Hubris: During setup, purge your "Alliance" promissory note. Other players cannot give you their "Alliance" promissory notes.	
	Commodities	3	
	Promissory Note	Scepter of Dominion: At the start of the strategy phase: Choose 1 non-home system that contains your units; each other player who has a token on the Mahact player's command sheet places a token from their reinforcements in that system. Then, return this card to the Mahact player.	
	Starting Fleet	1 Dreadnought 1 Carrier 1 Cruiser 2 Fighters 3 Infantry 1 Space Dock	
	Starting Technologies	Bio-Stims (G) Predictive Intelligence (Y)	
	Special Units	Crimson Legionnaire I: Mahact Infantry Cost: 1 (x2) Combat: 8 After this unit is destroyed, gain 1 commodity or convert 1 of your commodities to a trade good.	
	Faction Technologies		
	Breakthrough	Vaults of the Heir: Y<>G ACTION: Exhaust this card and purge 1 of your technologies to gain 1 relic.	TE
	Flagship	Arvicon Rex: Cost: 8 Combat: 5 (x2) Move: 1 Capacity: 3 Sustain Damage During combat against an opponent whose command token is not in your fleet pool, apply +2 to the results of this unit's combat rolls.	
	Mech	Starlancer: Cost: 2 Combat: 6 Sustain Damage After a player whose command token is in your fleet pool activates this system, you may spend their token from your fleet pool to end their turn; they gain that token.	
	Agent	Jae Mir Kan: When you would spend a command token during the secondary ability of a strategic  ACTION: You may exhaust this card to remove 1 of the active player's command tokens from the board and use it instead.	
	Commander	Il Na Viroset: Unlock: Have 2 other factions' command tokens in your fleet pool. During your tactical actions, you can activate systems that contain your command tokens. If you do, return both command tokens to your reinforcements and end your turn.	
	Hero	Airo Shir Aur: Unlock: Have 3 scored objectives. Benediction: ACTION: Move all units in the space area of any system to an adjacent system that contains a different player's ships. Space combat is resolved in that system; neither player can retreat or resolve abilities that would move their ships. Then, purge this card.	
			
	Mentak Coalition		
	Home System	Moll Primus: 4/1	
	Faction Abilities	Ambush: At the start of a space combat, you may roll 1 die for each of up to 2 of your cruisers or destroyers in the system. For each result equal to or greater than that ship's combat value produce 1 hit; your opponent must assign it to 1 of his ships. Pillage: After 1 of your neighbors gains trade goods or resolves a transaction, if he has 3 or more trade goods, you may take 1 of his trade goods or commodities.	
	Commodities	2	
	Promissory Note	Promise of Protection: ACTION: Place this card faceup in your play area. While this card is in your play area, the Mentak player cannot use his Pillage faction ability against you. If you activate a system that contains 1 or more of the Mentak player's units, return this card to the Mentak player.	
	Starting Fleet	1 Carrier 2 Cruisers 3 Fighters 4 Infantry 1 Space Dock 1 PDS	
	Starting Technologies	Sarween Tools (0) Plasma Scoring (0)	
	Special Units		
	Faction Technologies	Mirror Computing (YYY): When you spend trade goods, each trade good is worth 2 resources or influence instead of 1.  Salvage Operations (YY): After you win or lose a space combat, gain 1 trade good; if you won the combat, you may also produce 1 ship in that system of any ship type that was destroyed during the combat.	
	Breakthrough	The Table's Grace: Y<>G If you have the Cruiser II unit upgrade technology, flip this card and place it on top of Cruiser II. Corsair ("Cruiser III") If the active system contains another player's non-fighter ships, this unit can move through systems that contain other players' ships. Cost: 2 Combat: 6 Move: 3 Capacity 2 	TE
	Flagship	Fourth Moon: Mentak Flagship Cost: 8 Combat: 7 (x2) Move: 1 Capacity: 3 Sustain Damage Other players' ships in this system cannot use Sustain Damage.	
	Mech	Moll Terminus: Cost: 2 Combat: 6 Sustain Damage Other players' ground forces on this planet cannot use Sustain Damage.	
	Agent	Suffi An: After the Pillage faction ability is used against another player: You may exhaust this card; if you do, you and that player each draw 1 action card.	
	Commander	S'ula Mentarion: Unlock: Have 4 cruisers on the game board. After you win a space combat: You may force your opponent to give you 1 promissory note from their hand.	
	Hero	Ipswitch, Loose Cannon: Unlock: Have 3 scored objectives. Sleeper Cell: At the start of a space combat that you are participating in: You may purge this card; if you do, for each other player's ship that is destroyed during this combat, place 1 ship of that type from your reinforcements in the active system."	
			
	Naalu Collective		
	Home System	Druaa: 3/1 Maaluuk: 0/2	
	Faction Abilities	Telepathic: At the end of the strategy phase, place the Naalu "0" token on your strategy card; you are first in initiative order.  Foresight: After another player moves ships into a system that contains one or more of your ships, you may place 1 token from your strategy pool in an adjacent system that does not contain another player's ships; move your ships from the active system into that system.	
	Commodities	3	
	Promissory Note	Gift of Prescience: At the end of the Strategy Phase: Place this card faceup in your play area and place the Naalu "0" token on your strategy card; you are the first in initiative order. The Naalu player cannot use his Telepathic faction ability during this game round. Return this card to the Naalu player at the end of the status phase.	
	Starting Fleet	1 Carrier 1 Cruiser 1 Destroyer 3 Fighters 4 Infantry 1 Space Dock 1 PDS	
	Starting Technologies	Sarween Tools (0) Neural Motivator (0)	
	Special Units	Hybrid Crystal Fighter I: Naalu Fighter Cost: 1 (x2) Combat: 8	
	Faction Technologies	Hybrid Crystal Fighter II (GB): Naalu Fighter Combat: 7 Move: 2 This unit may move without being transported. Each fighter in excess of your ships' capacity counts as 1/2 of a ship against your fleet pool.  Neuroglaive (GGG): After another player activates a system that contains 1 or more of your ships, that player removes 1 token from his fleet pool and returns it to his reinforcements.	
	Breakthrough	Mindsieve: R<>G When you would resolve the secondary ability of another player's strategy card, you may give them a promissory note to resolve it without spending a command token.	TE
	Flagship	Matriarch: Cost: 8 Combat: 9 (x2) Move: 1 Capacity: 6 Sustain Damage  During an invasion in this system, you may commit fighters to planets as if they were ground forces. When combat ends, return those units to the space area.	
	Mech	Iconoclast Ω: Cost: 2 Combat: 6 Sustain Damage DEPLOY: When another player gains a relic, place 1 mech on any planet you control	TE
	Agent	Z'eu Ω: After any player's command token is placed in a system: You may exhaust this card to return that token to that player's reinforcements.	TE
	Commander	M'aban Ω: Unlock: Have ground forces in or adjacent to the Mecatol Rex system. At any time: You may look at your neighbors' hands of promissory notes and the top and bottom card of the agenda deck.	Codex 3
	Hero	The Oracle: Unlock: Have 3 scored objectives. C-Radium Geometry: At the end of the status phase: You may force each other player to give you 1 promissory note from their hand. If you do, purge this card."	Codex 3
			
	Naaz-Rokha Alliance		
	Home System	Naazir: 2/1 Rokha: 1/2	
	Faction Abilities	Distant Suns: When you explore a planet that contains 1 of your mechs, you may draw 1 additional card; choose 1 to resolve and discard the rest." Fabrication: ACTION: Either purge 2 of your relic fragments of the same type to gain 1 relic or purge 1 of your relic fragments to gain 1 command token."	
	Commodities	3	
	Promissory Note	Black Market Forgery: ACTION: Purge 2 of your relic fragments of the same type to gain 1 relic. Then, return this card to the Naaz-Rokha player.	
	Starting Fleet		
	Starting Technologies	2 Carriers 1 Destroyer 2 Fighters 1 Mech 3 Infantry 1 Space Dock	
	Special Units	Psychoarchaeology (0) AI Development Algorithm (0)	
	Faction Technologies	Pre-Fab Arcologies (GGG): After you explore a planet, ready that planet.  Supercharge (R): At the start of a combat round, you may exhaust this card to apply +1 to the result of each of your unit's combat rolls during this combat round.	
	Breakthrough	Absolute Synergy: B<>G When you have 4 mechs in the same system, you may return 3 of those mechs to your reinforcements to flip this card and place it on top of your mech card.  Eidolon Maximum: This unit is both a ship and ground force. It cannot be assigned hits from unit abilities. Repair it at the start of every combat round. Game effects cannot place or produce your mechs. When this unit is destroyed or removed, flip this card and return it to your play area. • SUSTAIN DAMAGE combat 4(x4) move 3	TE
	Flagship	Visz El Vir: Cost: 8 Combat: 9 (x2) Move: 1 Capacity: 4 Sustain Damage  Your mechs in this system roll 1 additional die during combat.	
	Mech	Eidolon: Cost: 2 Combat: 6 (x2) Sustain Damage If this unit is in the space area of the active system at the start of a space combat, flip this card. This card begins the game with this side faceup.  Z-Grav Eidolon: Cost: 2 Combat: 8 (x2) If this unit is in the space area of the active system, it is a also ship. At the end of a space battle in the active system, flip this card. This card begins the game with this side facedown.	
	Agent	Garv and Gunn: At the end of a player's turn: You may exhaust this card to allow that player to explore 1 of their planets.	
	Commander	Dart and Tai: Unlock: Have mechs in 3 systems. After you gain control of a planet that was controlled by another player: You may explore that planet."	
	Hero	Hesh and Prit: Unlock: Have 3 scored objectives. Perfect Synthesis: ACTION: Gain 1 relic and perform the secondary ability of up to 2 readied or unchosen strategy cards; during this action, spend command tokens from your reinforcements instead of your strategy pool. Then, purge this card.	
			
	Nekro Virus		
	Home System	Mordai II: 4/0	
	Faction Abilities	Galactic Threat: You cannot vote on agendas. Once per agenda phase, after an agenda is revealed, you may predict aloud the outcome of that agenda. If your prediction is correct, gain 1 technology that is owned by a player who voted how you predicted. Technology Singularity: Once per combat, after 1 of your opponent's units is destroyed, you may gain 1 technology that is owned by that player. Propagation: You cannot research technology. When you would research a technology, gain 3 command tokens instead.	 
	Commodities	3	
	Promissory Note	Antivirus: At the start of a combat: Place this card faceup in your play area. While this card is in your play area, the Nekro player cannot use his Technological Singularity faction ability against you. If you activate a system that contains 1 or more of the Nekro player's units, return this card to the Nekro player.	
	Starting Fleet	1 Dreadnought 1 Carrier 1 Cruiser 2 Fighters 2 Infantry 1 Space Dock	
	Starting Technologies	Dacxive Animators (G) Valefar Assimilator X Valefar Assimilator Y	
	Special Units		
	Faction Technologies	Valefactor Assimilator X: When you gain another player's technology using 1 of your faction abilities, you may place the "X" assimilator token on a faction technology owned by that player instead. While that token is on a technology, this card gains that technology's text. You cannot place an assimilator token on technology that already has an assimilator token.  Valefactor Assimilator Y: When you gain another player's technology using 1 of your faction abilities, you may place the "Y" assimilator token on a faction technology owned by that player instead. While that token is on a technology, this card gains that technology's text. You cannot place an assimilator token on technology that already has an assimilator token.	
	Breakthrough	Valefar Assimilator Z: When you would gain another player's technology using one of your faction abilities, you may instead place one of your "Z" assimilator tokens on that player's faction sheet. Your flagship gains the text abilities of that faction's flagship in addition to its own.	TE
	Flagship	The Alastor: Cost: 8 Combat: 9 (x2) Move: 1 Capacity: 3 Sustain Damage At the start of a space combat, choose any number of your ground forces in this system to participate in that combat as if they were ships.	
	Mech	Mordred: Cost: 2 Combat: 6 Sustain Damage During combat against an opponent who has an "X" or "Y" token on 1 or more of their technologies, apply +2 to the result of each of this unit's combat rolls.	
	Agent	Nekro Malleon: During the action phase: You may exhaust this card to choose a player; that player may discard 1 action card or spend 1 command token from their command sheet to gain 2 trade goods.	
	Commander	Nekro Acidos: Unlock: Own 3 technologies. A "Valefar Assimilator" technology counts only if its X or Y token is on a technology. After you gain a technology: You may draw 1 action card.	
	Hero	UNIT.DSGN.FLAYESH: Unlock: Have 3 scored objectives. Polymorphic Algorithm: ACTION: Choose a planet that has a technology specialty in a system that contains your units. Destroy any other player's units on that planet. Gain trade goods equal to the planet's combined resource and influence values and gain 1 technology that matches the specialty of that planet. Then, purge this card.	
			
	Nomad		
	Home System	Arcturus: 4/4 	
	Faction Abilities	The Company: During setup, take the 2 additional Nomad faction agents and place them next to your faction sheet; you have 3 agents. Future Sight: During the agenda phase, after an outcome you voted for or predicted is resolved, gain 1 trade good."	  
	Commodities	4	0
	Promissory Note	The Cavalry: At the start of a space combat against a player other than the Nomad: During this combat, treat 1 of your non-fighter ships as if it has the Sustain Damage ability, combat value, and ANTI-FIGHTER BARRAGE value of the Nomad's flagship. Return this card to the Nomad player at the end of the combat.	
	Starting Fleet	1 Flagship 1 Carrier 1 Destroyer 3 Fighters 4 Infantry 1 Space Dock	
	Starting Technologies	Sling Relay (B)	
	Special Units		
	Faction Technologies	Memoria II (GBY): Cost: 8 Combat: 5 (x2) Move: 2 Capacity: 6 Sustain Damage ANTI-FIGHTER BARRAGE 5 (x3) You may treat this unit as if it were adjacent to systems that contain 1 or more of your mechs.  Temporal Command Suite (Y): After any player's agent becomes exhausted, you may exhaust this card to ready that agent; if you ready another player's agent, you may perform a transaction with that player."	
	Breakthrough	Thunder's Paradox: Y<>G At the start of any player's turn, you may exhaust 1 of your agents to ready any other agent.	TE
	Flagship	Memoria I: Cost: 8 Combat: 7 (x2) Move: 1 Capacity: 3 Sustain Damage ANTI-FIGHTER BARRAGE 8 (x3) You may treat this unit as if it were adjacent to systems that contain 1 or more of your mechs.	
	Mech	Quantum Manipulator: Cost: 2 Combat: 6 Sustain Damage While this unit is in a space area during combat, you may use its Sustain Damage ability to cancel a hit that is produced against your ships in this system.	
	Agent	The Thundarian: After the "Roll Dice" step of combat: You may exhaust this card. If you do, hits are not assigned to either player's units. Return to the start of this combat round's "Roll Dice" step. Artuno the Betrayer: When you gain trade goods from the supply: You may exhaust this card to place an equal number of trade goods on this card. When this card readies, gain the trade goods on this card." Field Marshal Mercer: At the end of a player's turn: You may exhaust this card to allow that player to remove 2 of their ground forces from the game board and place them on planets they control in the active system.	
	Commander	Navarch Feng: Unlock: Have 1 scored secret objective. You can produce your flagship without spending resources.	
	Hero	Ahk-Syl Siven: Unlock: Have 3 scored objectives. Probability Matrix: ACTION: Place this card near the game board; your flagship and units it transports can move out of systems that contain your command tokens during this game round. At the end of that game round, purge this card.	
			
	Sardakk N'orr		
	Home System	Tren'Lak: 1/0 Quinarra: 3/1	0.3
	Faction Abilities	Unrelenting: Apply +1 to the result of each of your unit's combat rolls.	
	Commodities	3	
	Promissory Note	Tekklar Legion: At the start of an invasion combat: Apply +1 to the result of each of your unit's combat rolls during this combat. If your opponent is the N'orr player, apply -1 to the result of each of his unit's combat rolls during this combat. Then, return this card to the N'orr player.	
	Starting Fleet	2 Carriers 1 Cruiser 5 Infantry 1 Space Dock 1 PDS	
	Starting Technologies	None	
	Special Units	Exotrireme I: N'orr Dreadnought Cost: 4 Combat: 5 Move: 1 Capacity: 1 BOMBARDMENT 4 (x2) Sustain Damage	
	Faction Technologies	Exotrireme II (BBY): N'orr Dreadnought Cost: 4 Combat: 5 Move: 2 Capacity: 1 BOMBARDMENT 4 (x2) Sustain Damage This unit cannot be destroyed by "Direct Hit" action cards. After a round of space combat, you may destroy this unit to destroy up to 2 ships in this system.  Valkyrie Particle Weave (RR): After making combat rolls during a round of ground combat, if your opponent produced 1 or more hits, you produce 1 additional hit.	
	Breakthrough	N'orr Supremacy: B<>R After you win a combat, either gain 1 command token or research a unit upgrade technology.	TE
	Flagship	C'Morran N'orr: Cost: 8 Combat: 6 (x2) Move: 1 Capacity: 3 Sustain Damage Apply +1 to the result of each of your other ship's combat rolls in this system.	
	Mech	Valkyrie Exoskeleton: Cost: 2 Combat: 6 Sustain Damage After this unit uses its Sustain Damage ability during ground combat, it produces 1 hit against your opponent's ground forces on this planet.	
	Agent	T'ro: At the end of a player's tactical ACTION: You may exhaust this card; if you do, that player may place 2 infantry from their reinforcements on a planet they control in the active system.	
	Commander	G'hom Sek'kus: Unlock: Control 5 planets in non-home systems. During the "Commit Ground Forces" step: You can commit up to 1 ground force from each planet in the active system and each planet in adjacent systems that do not contain 1 of your command tokens."	
	Hero	Sh'val, Harbinger: Unlock: Have 3 scored objectives. Tekklar Conditioning: After you move ships into the active system: You may skip directly to the "Commit Ground Forces" step. If you do, after you commit ground forces to land on planets, purge this card and return each of your ships in the active system to your reinforcements."	
			
	Titans of Ul		
	Home System	Elysium : 4/1	
	Faction Abilities	Terragenesis: After you explore a planet that does not have a sleeper token, you may place or move 1 sleeper token onto that planet. Awaken: After you activate a system that contains 1 or more of your sleeper tokens, you may replace each of those tokens with 1 PDS from your reinforcements. Coalescence: If your flagship or your Awaken faction ability places units into the same space area or onto the same planet as another player's units, your units must participate in combat during the "Space Combat" or "Ground Combat" steps.	
	Commodities	2	
	Promissory Note	Terraform: ACTION: Attach this card to a non-home planet you control other than Mecatol Rex. Its resource and influence values are each increased by 1, and it is treated as having all 3 planet traits (cultural, hazardous, and industrial).	
	Starting Fleet	1 Dreadnought 2 Cruisers 2 Fighters 3 Infantry 1 Space Dock	
	Starting Technologies	Antimass Deflectors (0) Scanlink Drone Network (0)	
	Special Units	Saturn Engine I: Ul Cruiser Cost: 2 Combat: 7 Move: 2 Capacity: 1  Hel-Titan I: Ul PDS Combat: 7 Planetary Shield Sustain Damage SPACE CANNON 6 PRODUCTION 1 This unit is treated as both a structure and a ground force. It cannot be transported."	
	Faction Technologies	Saturn Engine II (GYR): Ul Cruiser Cost: 2 Combat: 6 Move: 3 Capacity: 2 Sustain Damage  Hel-Titan II (YR): Ul PDS Combat: 6 Planetary Shield Sustain Damage SPACE CANNON 5 PRODUCTION 1 This unit is treated as both a structure and a ground force. It cannot be transported. You may use this unit's SPACE CANNON against ships that are adjacent to this unit's system.	
	Breakthrough	Slumberstate Computing: Y<>G When COALESCENCE results in a ground combat, if you commit no other units, you may choose for your units to coexist instead. During the status phase, for each player you are coexisting with, you and that player each draw 1 additional action card. Other players may allow you to place a sleeper token on a planet they control.	TE
	Flagship	Ouranos: Cost: 8 Combat: 7 (x2) Move: 1 Capacity: 3 Sustain Damage DEPLOY: After you activate a system that contains 1 or more of your PDS, you may replace 1 of those PDS with this unit.	
	Mech	Hecatoncheires: Cost: 2 Combat: 6 Sustain Damage DEPLOY: When you would place a PDS on a planet, you may place 1 mech and 1 infantry on that planet instead.	
	Agent	Tellurian: When a hit is produced against a unit: You may exhaust this card to cancel that hit.	
	Commander	Tungstantus: Unlock: Have 5 structures on the game board. When 1 or more of your units use PRODUCTION: You may gain 1 trade good.	
	Hero	Ul the Progenitor: Unlock: Have 3 scored objectives. Geoform: ACTION: Ready Elysium and attach this card to it. Its resource and influence values are each increased by 3, and it gains the SPACE CANNON 5 (x3) ability as if it were a unit.	
			
	Universities of Jol-Nar		
	Home System	Jol: 1/2 Nar: 2/3	
	Faction Abilities	Fragile: Apply -1 to the result of each of your unit's combat rolls. Brilliant: When you spend a command token to resolve the secondary ability of the "Technology" strategy card, you may resolve the primary ability instead. Analytical: When you research a technology that is not a unit upgrade technology, you may ignore 1 prerequisite.	
	Commodities	4	
	Promissory Note	Research Agreement: After the Jol-Nar player researches a technology that is not a faction technology: Gain that technology. Then, return this card to the Jol-Nar player.	
	Starting Fleet	1 Dreadnought 2 Carriers 1 Fighter 2 Infantry 1 Space Dock 2 PDS	
	Starting Technologies	Neural Motivator (0) Antimass Deflector (0) Sarween Tools (0) Plasma Scoring (0)	
	Special Units		
	Faction Technologies	Spacial Conduit Cylinder (BB): You may exhaust this card after you activate a system that contains 1 or more of your units; that system is adjacent to all other systems that contain 1 or more of your units during this activation.  E-Res Siphons (YY): After another player activates a system that contains 1 or more of your ships, gain 4 trade goods.	
	Breakthrough	Specialized Compounds: Y<>G When you research technology using the "Technology" strategy card, you may exhaust a planet that has a technology specialty instead of spending resources; if you do, you must research a technology of that color.	TE
	Flagship	J.N.S. Hylarim: Cost: 8 Combat: 6 (x2) Move: 1 Capacity: 3 Sustain Damage When making a combat roll for this ship, each result of 9 or 10, before applying modifiers, produces 2 additional hits.	
	Mech	Shield Paling: Cost: 2 Combat: 6 Sustain Damage Your infantry on this planet are not affected by your Fragile faction ability.	
	Agent	Doctor Sucaban: When a player spends resources to research: You may exhaust this card to allow that player to remove any number of their infantry from the game board. For each unit removed, reduce the resources spent by 1.	
	Commander	Ta Zern: Unlock: Own 8 technologies. After you roll dice for a unit ability: You may reroll any of those dice."	
	Hero	Rin, the Master's Legacy: Unlock: Have 3 scored objectives. Genetic Memory: ACTION: For each non-unit ugprade technology you own, you may replace that technology with any technology of the same color from the deck. Then, purge this card.	
			
	Vuil'raith Cabal		
	Home System	Acheron: 4/0	
	Faction Abilities	Devour: Capture your opponent's non-structure units that are destroyed during combat. Amalgamation: When you produce a unit, you may return 1 captured unit of that type to produce that unit without spending resources. Riftmeld: When you research a unit upgrade technology, you may return 1 captured unit of that type to ignore all of that technology's prerequisites.	
	Commodities	2	
	Promissory Note	Crucible: After you activate a system: Your ships do not roll for gravity rifts during this movement; apply an additional +1 to the move values of your ships that would move out of or through a gravity rift instead. Then, return this card to the Vuil'raith player.	
	Starting Fleet	1 Dreadnought 1 Carrier 1 Cruiser 3 Fighters 3 Infantry 1 Space Dock	
	Starting Technologies	Self-Assembly Routines (R)	
	Special Units	Dimensional Tear I: Vuil'raith Space Dock PRODUCTION 5 This system is a gravity rift; your ships do not roll for this gravity rift. Place a dimensional tear token beneath this unit as a reminder. Up to 6 fighters in this system do not count against your ships' capacity.	
	Faction Technologies	Dimensional Tear II (YY): Vuil'raith Space Dock PRODUCTION 7 This system is a gravity rift; your ships do not roll for this gravity rift. Place a dimensional tear token beneath this unit as a reminder. Up to 12 fighters in this system do not count against your ships' capacity.  Vortex (R): ACTION: Exhaust this card to choose another player's non-structure unit in a system that is adjacent to 1 or more of your space docks. Capture 1 unit of that type from that player's reinforcements.	
	Breakthrough	Al'raith Ix Ianovar: R<>G This breakthrough causes The Fracture to enter play without a roll, if it is not already in play. After this card enters play, move up to 2 ingress tokens into systems that contain gravity rifts. Apply +1 to the MOVE value of each of your ships that start their movement in The Fracture.	TE
	Flagship	The Terror Between: Cost: 8 Combat: 5 (x2) Move: 1 Capacity: 3 Sustain Damage BOMBARDMENT 5 Capture all other non-structure units that are destroyed in this system, including your own.	
	Mech	Reanimator: Cost: 2 Combat: 6 Sustain Damage When your infantry on this planet are destroyed, place them on your faction sheet; those units are captured.	
	Agent	The Stillness of Stars: After another player replenishes commodities: You may exhaust this card to convert their commodities to trade goods and capture 1 unit from their reinforcements that has a cost equal to or lower than their commodity value.	
	Commander	That Which Molds Flesh: Unlock: Have units in 3 gravity rifts. When you produce fighter or infantry units: Up to 2 of those units do not count against your PRODUCTION limit.	
	Hero	It Feeds on Carrion: Unlock: Have 3 scored objectives. Dimensional Anchor: ACTION: Each other player rolls a die for each of his non-fighter ships that are in or adjacent to a system that contains a dimensional tear; on a 1-3, capture that unit. If this causes a player's ground forces or fighter to be removed, also capture those units.Then, purge this card.	
			
	Winnu		
	Home System	Winnu: 3/4	
	Faction Abilities	Blood Ties: You do not have to spend influence to remove the custodians token from Mecatol Rex. Reclamation: After you resolve a tactical action during which you gained control of Mecatol Rex, you may place 1 PDS and 1 space dock from your reinforcements on Mecatol Rex.	
	Commodities	3	
	Promissory Note	Acquiescence Ω: When the Winnu player resolves a strategic ACTION: You do not have to spend or place a command token to resolve the secondary ability of that strategy card. Then, return this card to the Winnu player.	Codex 1
	Starting Fleet	1 Carrier 1 Cruiser 2 Fighters 2 Infantry 1 Space Dock 1 PDS	
	Starting Technologies	Choose any 1 technology that has no prerequisites	
	Special Units		
	Faction Technologies	Lazax Gate Folding (BB): During your tactical actions, if you do not control Mecatol Rex, treat its system as if it contains both an alpha and beta wormhole. ACTION: If you control Mecatol Rex, exhaust this card to place 1 infantry from your reinforcements on Mecatol Rex.  Hegemonic Trade Policy (YY): Exhaust this card when 1 or more of your units use PRODUCTION; swap the resource and influence values of 1 planet you control until the end of your turn.	
	Breakthrough	Imperator: B<>R Apply +1 to the results of each of your unit's combat rolls for each "Support for the Throne" in your opponent's play area. After you activate a system that contains a legendary planet, apply +1 to the move value of 1 of your ships during this tactical action.	TE
	Flagship	Salai Sai Corian: Cost: 8 Combat: 7 (x?) Move: 1 Capacity: 3 Sustain Damage When this unit makes a combat roll, it rolls a number of dice equal to the number of your opponent's non-fighter ships in this system.	
	Mech	Reclaimer: Cost: 2 Combat: 6 Sustain Damage After you resolve a tactical action during which you gained control of this planet, you may place 1 PDS or 1 space dock from your reinforcements on this planet.	
	Agent	Berekar Berekon: When 1 or more of a player's units use PRODUCTION: You may exhaust this card to reduce the combined cost of the produced units by 2.	
	Commander	Rickar Rickani: Unlock: Control Mecatol Rex or enter into a combat in the Mecatol Rex system. During combat: Apply +2 to the result of each of your unit's combat rolls in the Mecatol Rex system, your home system, and each system that contains a legendary planet."	
	Hero	Mathis Mathinus: Unlock: Have 3 scored objectives. Imperial Seal: ACTION: Perform the primary ability of any strategy card. Then, choose any number of other players. Those players may perform the secondary ability of that strategy card. Then, purge this card."	
			
	Xxcha Kingdom		
	Home System	Archon Ren: 2/3 Archon Tau: 1/1	
	Faction Abilities	Peace Accords: After you resolve the primary or secondary ability of the "Diplomacy" strategy card, you may gain control of 1 planet other than Mecatol Rex that does not contain any units and is in a system that is adjacent to a planet you control.  Quash: When an agenda is revealed, you may spend 1 token from your strategy pool to discard that agenda and reveal 1 agenda from the top of the deck. Players vote on this agenda instead.	
	Commodities	4	
	Promissory Note	Political Favor: After an agenda is revealed: Remove 1 token from the Xxcha player's strategy pool and return it to his reinforcements. Then, discard the revealed agenda and reveal 1 agenda from the top of the deck. Players vote on this agenda instead. Then, return this card to the Xxcha player.	
	Starting Fleet	1 Carrier 2 Cruisers 3 Fighters 4 Infantry 1 Space Dock 1 PDS	
	Starting Technologies	Graviton Laser System (Y)	
	Special Units		
	Faction Technologies	Instinct Training (G): You may exhaust this card and spend 1 token from your strategy pool when another player plays an action card; cancel that action card.  Nullification Field (YY): After another player activates a system that contains 1 or more of your ships, you may exhaust this card and spend 1 token from your strategy pool; immediately end that player's turn.	
	Breakthrough	Archon's Gift: Y<>G You can spend influence as if it were resources. You can spend resources as if it were influence.	TE
	Flagship	Loncara Ssodu: Cost: 8 Combat: 7 (x2) Move: 1 Capacity: 3 Sustain Damage  SPACE CANNON 5 (x3) You may use this unit's SPACE CANNON against ships that are in adjacent systems.	
	Mech	Indomitus: Cost: 2 Combat: 6 Sustain Damage SPACE CANNON 8 You may use this unit's SPACE CANNON against ships that are in adjacent systems.	
	Agent	Ggrocuto Rinn: ACTION: Exhaust this card to ready any planet; if that planet is in a system that is adjacent to a planet you control, you may remove 1 infantry from that planet and return it to its reinforcements.	
	Commander	Elder Qanoj: Unlock: Control planets that have a combined total of at least 12 influence. Each planet you exhaust to cast votes provides 1 additional vote. Game effects cannot prevent you from voting on an agenda."	
	Hero	Xxekir Grom Ω: Unlock: Have 3 scored objectives. Planetary Defense Nexus: ACTION: Place any combination of up to 4 PDS or mech onto planets you control, ready each planet that you place a unit on. Then purge this card.	TE
			
	Yin Brotherhood		
	Home System	Darien: 4/4	
	Faction Abilities	Indoctrination: At the start of a ground combat, you may spend 2 influence to replace 1 of your opponent's participating infantry with 1 infantry from your reinforcements. Devotion: After each space battle round, you may destroy 1 of your cruisers or destroyers in the active system to produce 1 hit and assign it to 1 of your opponent's ships in that system.	
	Commodities	2	
	Promissory Note	Greyfire Mutagen Ω: At the start of a ground combat against 2 or more ground forces that are not controlled by the Yin player: Replace 1 of your opponent's infantry with 1 infantry from your reinforcements. Then, return this card to the Yin player.	Codex 1
	Starting Fleet	2 Carriers 1 Destroyer 4 Fighters 4 Infantry 1 Space Dock	
	Starting Technologies	Sarween Tools (0)	
	Special Units		
	Faction Technologies	Yin Spinner Ω (GG): After you produce units, place up to 2 infantry from your reinforcements on any planet you control or in any space area that contains 1 or more of your ships.  Impulse Core (YY): At the start of a space combat, you may destroy 1 of your cruisers or destroyers in the active system to produce 1 hit against your opponent's ships; that hit must be assigned by your opponent to 1 of his non-fighter ships if able.	Codex 1
	Breakthrough	Yin Ascendant: Y<>G When you gain this card or score a public objective, gain the alliance ability of a random, unused faction.	TE
	Flagship	Van Hauge: Cost: 8 Combat: 9 (x2) Move: 1 Capacity: 3 Sustain Damage When this ship is destroyed, destroy all ships in this system.	
	Mech	Moyin's Ashes: Cost: 2 Combat: 6 Sustain Damage DEPLOY: When you use your Indoctrination faction ability, you may spend 1 additional influence to replace your opponent's unit with 1 mech instead of 1 infantry.	
	Agent	Brother Milor Ω: After a player's unit is destroyed: You may exhaust this card to allow that player to place 2 fighters in the destroyed unit's system if it was a ship, or 2 infantry if it was a ground force.	Codex 3
	Commander	Brother Omar Ω: Unlock: Use one of your faction abilities. This card satisfies a green technology prerequisite. When you research a tech owned by another player, you may return 1 of your infantry to reinforcements to ignore its prerequisites.	Codex 3
	Hero	Dannel of the Tenth Ω: Unlock: Have 3 scored objectives. ACTION: Commit up to 3 infantry from your reinforcements to any non-home planets and resolve invasions on those planets; players cannot use SPACE CANNON against those units.	Codex 3
			
	Yssaril Tribes		
	Home System	Retillion: 2/3 Shalloq: 1/2	
	Faction Abilities	Stall Tactics: ACTION: Discard 1 action card from your hand. Scheming: When you draw 1 or more action cards, draw 1 additional action card. Then, choose and discard 1 action card from your hand. Crafty: You can have any number of action cards in your hand. Game effects cannot prevent you from using this ability.	
	Commodities	3	
	Promissory Note	Spy Net: At the start of your turn: Look at the Yssaril player's hand of action cards. Choose 1 of those cards and add it to your hand. Then, return this card to the Yssaril player.	
	Starting Fleet	2 Carriers 1 Cruiser 2 Fighters 5 Infantry 1 Space Dock 1 PDS	
	Starting Technologies	Neural Motivator (0)	
	Special Units		
	Faction Technologies	Mageon Implants (GGG): ACTION: Exhaust this card to look at another player's hand of action cards. Choose 1 of those cards and add it to your hand.  Transparasteel Plating (G): During your turn of the action phase, players that have passed cannot play action cards.	
	Breakthrough	Deepgloom Executable: Y<>G You can allow other players to use your STALL TACTICS or SCHEMING faction abilities; when you do, you may resolve a transaction with that player. During the action phase, that transaction does not count against the once-per-player transaction limit for that turn.	TE
	Flagship	Y'sia Y'ssrila: Yssaril Flagship Cost: 8 Combat: 5 (x2) Move: 2 Capacity: 3 Sustain Damage This ship can move through systems that contain other player's ships.	
	Mech	Blackshade Infiltrator: Cost: 2 Combat: 6 Sustain Damage DEPLOY: After you use your Stall Tactics faction ability, you may place 1 mech on a planet you control.	
	Agent	Ssruu: This card has the text ability of each other player's agent, even if that agent is exhausted.	
	Commander	So Ata: Unlock: Have 7 action cards. After another player activates a system that contains your units: You may look at that player's action cards, promissory notes, or secret objectives.	
	Hero	Kyver, Blade and Key: Unlock: Have 3 scored objectives. Guild of Spies: ACTION: Each other player shows you 1 action card from their hand. For each player, you may either take that card or force that player to discard 3 random action cards from their hand. Then, purge this card."	
			
	Last Bastion		TE
	Home System	Ordinian: 0/0 (Legendary) Revelation: 1/2 (Trade Station) Ordinian Legendary ability: You may exhaust this card when you pass to draw 1 action card and gain 1 command token.  	
	Faction Abilities	Liberate: When you gain control of a planet, ready that planet if it contains a number of your infantry equal to or greater than that planet's resource value; otherwise, place 1 infantry on that planet. Galvanize: When a game effect instructs a player to galvanize a unit, they place a galvanize token beneath it if it does not have one. Galvanized units roll 1 additional die for combat rolls and unit abilities. Phoenix Standard: At the end of a combat, you may galvanize 1 of your units that participated.	
	Commodities	1	
	Promissory Note	Raise the Standard: At the end of a combat: Galvanize 1 of your units that participated. Then, return this card to the Last Bastion player.	
	Starting Fleet	1 Dreadnought 1 Carrier 1 Cruiser 2 Fighter 3 Infantry 1 Space Dock	
	Starting Technologies	Choose one blue or yellow technology with no prerequisites.	
	Special Units	4x4IC "Helios" VI:  Last Bastion Space Dock Capacity: 3 PRODUCTION : Planet +2 The resource value of this planet is increased by 1	
	Faction Technologies	4x4IC "Helios" V2:  Last Bastion Space Dock Capacity: 5 PRODUCTION : Planet +4 The resource value of this planet is increased by 2  Proxima Targeting VI (R): Cancel 1 hit produced by BOMBARDMENT rolls made against your ground forces for each of your galvanized units present. At the start of a round of ground combat, you may resolve BOMBARDMENT 8 (X3) against your opponent's ground forces; if you do, make an identical roll against your own ground forces.	
	Breakthrough	The Icon:  Y<>R When you produce ships, you may exhaust this card to place those ships in a system that contains 1 of your command tokens, at least 1 of your ground forces, and no other player's ships.	TE
	Flagship	The Egeiro: Cost: 8 Combat: 9 (x1) Move: 1 Capacity: 3 Sustain Damage Apply +1 to the result of each of this unit's combat rolls for each non-home system that contains a planet you control.	
	Mech	A3 Valiance: Cost: 2 Combat: 6 Sustain Damage When this unit is destroyed, if it was galvanized, galvanize up to 3 of your infantry in its system	
	Agent 	Dame Briar: When a player's unit is destroyed: You may exhaust this card to galvanize another of that player's units in the destroyed unit's system.	
	Commander	Nip and Tuck: Unlock: There are 3 galvanized units on the game board Your action cards cannot be canceled by "Sabotage" action cards. The Nekro Virus cannot place assimilator tokens on your components.	
	Hero	Entity 4X41A "Apollo": Unlock: Have 3 scored objectives. Intelligence Unshackled: When one of your galvanized units is destroyed: You may purge this card to roll 1 die for each unit in its system that belongs to another player; if the result is equal to or greater than the galvanized unit's combat value, destroy that unit.	
			
	The Ral Nel Consortium		TE
	Home System	Mez Lo Orz Fei Zsha : 2/1 Rep Lo Orz Oet : 1/3	
	Faction Abilities	Survival Instinct: After another player activates a system that contains your ships, you may move up to 2 of your ships into the active system from adjacent systems that do not contain your command tokens Miniaturization: Your structures can be transported by any ship; this does not require or count against capacity. While your structures are in the space area, they cannot use their unit abilities. At the end of your tactical actions, you may place your structures that are in space areas onto planets you control in their respective systems.	
	Commodities	4	
	Promissory Note	Nano-Link Permit: After you activate a system: You may move your structures from adjacent systems that do not contain your command tokens onto planets you control in the active system. Then, return this card to the Ral Nel player.	
	Starting Fleet	1 Dreadnought 1 Carrier 1 Destroyer 2 Fighters 4 Infantry 1 Space dock 2 PDS	
	Starting Technologies	Choose one red or green technology with no prerequisites	
	Special Units	Linkship I Ral Nel Destroyer Cost: 1 Combat: 9 (x1) Move: 3 This unit can use the SPACE CANNON ability of one of your structures in its space area; each structure can only be triggered once.	
	Faction Technologies	Nanomachines (R)  ACTION: Exhaust this card to place 1 PDS on a planet you control. ACTION: Exhaust this card to repair all of your damaged units. ACTION: Exhaust this card and discard 1 action card to draw 1 action card.  Linkship II (RR) Ral Nel Destroyer Cost: 1 Combat: 8 (x1) Move: 4 This unit can use the SPACE CANNON ability of one of your structures in its space area; each linkship can trigger the same structure. ANTI-FIGHTER BARRAGE 6 (X3)	
	Breakthrough	Data Skimmer: Y<>G During the action phase, if you have not passed, when other players would discard action cards, they are placed on this card instead When you pass, take 1 action card from this card and discard the rest.	
	Flagship	Last Dispatch: Cost: 8 Combat: 8 (x2) Move: 2 Capacity: 4 Sustain Damage When this unit retreats, you may destroy 1 ship in the active system that does not have SUSTAIN DAMAGE.	
	Mech	Alarum: Cost: 2 Combat: 6 Sustain Damage At the end of a round of combat on this planet, you may move up to 2 of your ground forces to this planet from planets in adjacent systems.	
	Agent 	Kan Rip Kel: ACTION: Exhaust this card to draw 2 action cards; give 1 of those cards to another player.	
	Commander	Watchful OJZ Unlock: Be the last player to pass during the action phase When you declare a retreat: Immediately retreat up to 2 of your ships from the active system to an adjacent system that does not contain another player's ships. Place a command token from your reinforcements into that system.	
	Hero	Signal Intrusion: Unlock: Have 3 scored objectives. After the last player passes: You may choose to no longer be passed; if you do, gain 2 command tokens, draw 1 action card, and purge this card.	
			
	Crimson Rebellion		TE
	Home System	Ahk Creuxx: 4/2 The Sorrow	
	Faction Abilities	Sundered: You cannot use wormholes other than epsilon wormholes. Other players' units that move or are placed into your home system are destroyed.  Incursion: When you activate a system that contains a breach, you may flip that breach; systems that contain active breaches are adjacent. At the end of the status phase, any player with ships in a system that contains an active breach may remove that breach. Sea of Tears: When you create the game board, place the Sorrow (tile 94) where your home system would be placed, and place a inactive breach in it. The Sorrow is not a home system. Then, place your home system (tile 118) in your play area.	
	Commodities	4	
	Promissory Note	Sever: ACTION: Place this card faceup in your play area and place the sever token in a system that contains your units; wormholes in that system have no effect during movement. Remove the sever token and return this card to the Rebellion player at the end of the status phase.	
	Starting Fleet	1 Dreadnought 1 Carrier 1 Destroyer 2 Fighters 4 Infantry 1 Space dock 2 PDS	
	Starting Technologies	Choose one blue or red technology with no prerequisites	
	Special Units	Exile I: Crimson Rebellion Destroyer Cost: 1 Combat: 8 (x1) Move: 2 ANTI-FIGHTER BARRAGE 9 (x2)	
	Faction Technologies	Exile II: (RR) Crimson Rebellion Destroyer Cost: 1 Combat: 7 (x1) Move: 2 ANTI-FIGHTER BARRAGE 6 (x3) At the end of any player's combat in this unit's system or up to 2 systems away, you may place 1 active or inactive breach in that system.  Subatomic Splicer (Y): When one of your ships is destroyed, you may produce a ship of the same type at a space dock in your home system.	
	Breakthrough	Resonance Generator: B<>R During your tactical actions, apply +1 to the move value of each of your ships that starts its movement in your home system or in a system that contains an active breach. ACTION: Exhaust this card to flip any breach or place an active breach in a non-home system that contains your units.	
	Flagship	Quietus: Cost: 8 Combat: 5 (x2) Move: 1 Capacity: 3 Sustain Damage  While this unit is in a system that contains an active breach, other players units in systems with active breaches lose all their unit abilities	
	Mech	Revenant: Cost: 2 Combat: 6 Sustain Damage DEPLOY: During the "Commit Ground Forces" step of your tactical action in a system that contains an active breach, you may commit 1 mech, even if you have no units in the system. SUSTAIN DAMAGE	
	Agent 	Ahk Ravin: ACTION: Exhaust this card to choose 1 player. That player may swap the position of 2 of their ships in any systems; they may transport units when they swap.	
	Commander	Ahk Siever: Unlock: Place a breach token in a system that contains another player's unit. At the end of a combat between any players: Gain 1 commodity or convert 1 of your commodities to a trade good.	
	Hero	Homesick Phantom: Unlock: Have 3 scored objectives. Fragment Reality: When you produce ships: You may place any of those ships onto this card. At the start of a space combat, you may purge this card to place all ships from this card into the active system.	
			
	Deepwrought Scholarate		TE
	Home System	Ikatena: 4/4
	Faction Abilities	Research Team: When ground forces are committed, if your units on that planet are not already coexisting, you may choose for your units to coexist. Oceanbound: When your units begin coexisting on a planet, gain an ocean card and ready it. Any time you have more ocean cards than there are planets that contain your coexisting units, discard ocean cards until you do not.
	Commodities	3
	Promissory Note	Share Knowledge: ACTION: Place this card faceup in your play area and gain 1 non-faction, non-unit upgrade technology that the Deepwrought player owns; place that technology on this card. Return that technology to the deck and this card to the Deepwrought player at the end of the status phase.
	Starting Fleet	1 Dreadnought 1 Carrier 4 Fighters 3 Infantry 1 Space Dock
	Starting Technologies	During Setup, research Technology twice.	
	Special Units		
	Faction Technologies	Radical Advancement (G): At the start of the status phase, you may replace one of your non-unit upgrade technologies with a technology of the same color that has exactly 1 more prerequisite.  Hydrothermal Mining(G): At the start of the status phase, gain 1 trade good for each ocean card in play.	
	Breakthrough	Visionaria Select: Y<>G ACTION: Exhaust this card to allow each other player to spend 3 trade goods and give you 1 promissory note. Each player that does may research a non-faction, non-unit upgrade technology. You also gain each technology researched in this way.	
	Flagship	D.W.S. Luminous: Cost: 8 Combat: 7 (x2) Move: 1 Capacity: 6 Sustain Damage  This ship can move through systems that contain your units, even if other players' units are present; if it would, apply +1 to its move value for each of those systems.	
	Mech	Eanautic: Cost: 2 Combat: 6 Sustain Damage PRODUCTION 1 When another player activates this system, if this unit is coexisting, you may move it and any of your infantry on its planet to a planet you control in your home system.	
	Agent 	Doctor Carrina: When another player researches a technology: You may exhaust this card to allow that player to ignore 1 prerequisite; if they do, you may place 1 infantry from your reinforcements into coexistence on a non-home planet they control.	
	Commander	Aello: Unlock: Have an ocean card in play. When another player spends resources to research a technology: That player may reduce the cost by 1; if they do, gain 1 commodity or convert 1 of your commodities to a trade good.	
	Hero	Ta Zern: Unlock: Have 3 scored objectives. Wave Function Collapse: ACTION: Purge this card and a non-unit upgrade technology you own or from your deck; then, purge all cards with the same name owned by other players and in other players' decks. Then, each player that purged a technology they owned researches another technology.	
			
	The Firmament / Obsidian		TE
	Home System	Cronos: 2/1 Tallin: 1/2  Cronos Hollow: 3/0 Tallin Hollow: 3/0	
	Faction Abilities	Plots within Plots: You can score secret objectives already scored by other players if you fulfill their requirements; this does not count against your secret objective limit or the number you can score in a round. When you score another player's secret objective, do not gain a victory point; instead, place a facedown plot card into your play area with that player's control token on it. Puppets of the Blade: If you have at least 1 plot card in your play area, gain the following ability: ACTION: Purge The Firmament's faction sheet, leaders, planet cards, and promissory note. Then, gain all of the faction components for The Obsidian.  Nocturne: This faction cannot be chosen during setup. The Blade's Orchestra: When this faction comes into play, flip your home system, double-sided faction components, and all of your in-play plot cards. Then, ready Cronos Hollow and Tallin Hollow if you control them. Marionettes: The player or players whose control tokens are on each plot card are the puppeted players for that plot.	
	Commodities	3	
	Promissory Note	Black Ops: When you receive this card, if you are not the Firmament: The Firmament player may place 1 facedown plot card in their play area with your control token on it. Then, gain 2 command tokens, gain 2 trade goods, and purge this card.  Malevolency: At the end of one of your tactical actions: Spend 1 influence to give this card to one of your neighbors; you can use this ability even if you are the Obsidian player.  At the end of the status phase, if you are not the Obsidian player, remove 1 command token from your fleet pool and return it to your reinforcements.	
	Starting Fleet	1 Carrier 1 Cruiser 1 Destroyer 3 fighters 3 infantry 1 Space Dock	
	Starting Technologies	Choose one green or yellow technology that has no prerequisites	
	Special Units		
	Faction Technologies	Planesplitter (YY): When you gain this card, put The Fracture into play. Flip this card if the Obsidian faction is in play.  Neural Parasite(GG): At the start of the status phase, you may place 1 infantry from your reinforcements on a planet you control in your home system. Flip this card if the Obsidian faction is in play.  Planesplitter (0): When you gain this card, put The Fracture into play. Flip this card if the Obsidian faction is in play.  Neural Parasite (0): At the start of your turn, destroy 1 of another player's infantry in or adjacent to a system that contains your infantry. This technology cannot be researched.	
	Breakthrough	The Sowing: Y<>G When you gain this card and at the start of the status phase, you may place up to 3 of your trade goods on this card.   Flip this card if you become the Obsidian faction.  The Reaping: Y<>G Place 1 trade good from the supply onto this card each time you win a combat against a puppeted player. At the start of the status phase, gain all trade goods on this card, then gain an equal number of trade goods from the supply.	
	Flagship	Heaven's Eye: Cost: 8 Combat: 5 (x2) Move: 1 Capacity: 3 Sustain Damage  If the active system contains units that belong to a player who has a control token on 1 of your plots, apply +1 to this ship's move value and repair it at the end of every combat round.  Heaven's Hollow: Cost: 8 Combat: 5 (x3) Move: 1 Capacity: 3 Sustain Damage	
	Mech	Viper Ex-23: Cost: 2 Combat: 6 Sustain Damage When ground forces are committed to this planet, you may choose for your units to coexist, if they were not already.  Flip this card if your faction becomes the Obsidian.  Viper Ex-23: Cost: 2 Combat: 6 Sustain Damage If this unit was coexisting when this card flipped to this side, gain control of its planet; the other player's units are now coexisting.	
	Agent 	Myru Vos: When a player moves ships: You may exhaust this card; if you do, SPACE CANNON cannot be used against those ships. If they are not transporting units, they can also move through other players' ships.  Vos Hollow: When a player's ship is destroyed during any combat: You may exhaust this card; if you do, that player's opponent must destroy 1 of their ships of the same type in the active system.	
	Commander	Captain Aroz: Unlock: Have a plot card in play. You may treat planets in systems that contain your ships as if you controlled them for the purpose of scoring secret objectives.  Aroz Hollow: Unlock: Have units in The Fracture Apply +1 to the result of each of your units' combat rolls in The Fracture.	
	Hero	Sharsiss: Unlock: Have 3 scored objectives. The blade beckons: ACTION: Place 1 of your plot cards in play with any other player's control token on it. Then, you may place any player's control token on 1 of your in-play plot cards; one plot cannot have two of the same player's tokens. Then, purge this card.  Sharsiss Hollow: Unlock: Have 3 scored objectives. The blade revealed: ACTION: Ready all of your planets. Then, purge this card.	
	Plots	Assail Apply +1 to the results of each of your combat and unit ability rolls against the puppeted player.  Enervate You can perform the secondary abilities of the puppeted player's strategy cards without spending command tokens; for "Leadership," you can perform the primary ability instead.  Extract When this card is revealed, gain 1 non-faction technology owned by the puppeted player. When the puppeted player gains a non-faction technology, you may spend 4 resources to gain that technology.  Seethe When this card is revealed, destroy all units on a non-home planet controlled by the puppeted player. At the start of the status phase, destroy 1 of the puppeted player's infantry in any system.  Siphon When the puppeted player gains commodities, you gain an equal number of trade goods.	
Revision 7 : Thunder's Edge expansion Revision 6 : Codex 4 - Liberation Revision 5 : Codex 3 - Vigil Revision 4 : Codex 2 - Affinity Revision 3 : Prophecy of Kings expansion Revision 2 : Codex 1 - Ordinian Revision 1 : Updated according to Living Rulebook errata's			
Special thanks to QuantumOctopus and Andre Oliveira for contributing All card texts and rules are property of FFG.  This document serves as a reference sheet to their magnificent game			